[
  {
    "name":"createPoll",
    "params":["SESSIONID"],
    "SQL":"INSERT INTO MP_Questions (`SessionID`) VALUES ('%SESSIONID%');"
  },
  {
    "name":"addToPoll",
    "params":["SESSIONID","VOTE"],
    "SQL":"UPDATE MP_Questions SET %VOTE%count = %VOTE%count + 1  WHERE SessionID = '%SESSIONID%' ORDER BY ID DESC LIMIT 1;"
  },
  {
    "name":"getPollData",
    "params":["SESSIONID"],
    "SQL":"SELECT * FROM MP_Questions WHERE SessionID = \"%SESSIONID%\" ORDER BY ID DESC;"
  },
  {
    "name":"LECIDFromToken",
    "params":["TOKEN"],
    "SQL":"SELECT `LecturerID` FROM `MP_Tokens` WHERE TOKEN='%TOKEN%';"
  },
  {
    "name":"createLecUser",
    "params":["NAME","UNI","PASSHASH"],
    "SQL":"INSERT INTO MP_Lecturers (`Name`,`Uni`,`PassHash`) VALUES ('%NAME%', '%UNI%', '%PASSHASH%');"
  },
  {
    "name":"tokenExist",
    "params":["POSSIBLETOKEN"],
    "SQL":"SELECT * FROM MP_Tokens WHERE Token = '%POSSIBLETOKEN%';"
  },
  {
    "name":"userLegit",
    "params":["NAME","PASSHASH"],
    "SQL":"SELECT * FROM MP_Lecturers WHERE Name = '%NAME%' AND PassHash = '%PASSHASH%';"
  },
  {
    "name":"createToken",
    "params":["LECID","TOKEN"],
    "SQL":"INSERT INTO MP_Tokens (`LecturerID`,`Token`) VALUES ('%LECID%', '%TOKEN%');"
  },
  {
    "name":"createSession",
    "params":["NAME","LECID","STARTTIME","ID"],
    "SQL":"INSERT INTO MP_Sessions (`ID`, `Name`,`LecturerID`,`StartTime`) VALUES ('%ID%', '%NAME%', '%LECID%', '%STARTTIME%');"
  },
  {
    "name":"submitReview",
    "params":["SESSIONID","REVIEW"],
    "SQL":"INSERT INTO MP_Reviews (`SessionID`,`Quote`) VALUES ('%SESSIONID%','%REVIEW%');"
  },
  {
    "name":"getReviews",
    "params":["SESSIONID"],
    "SQL":"SELECT * FROM MP_Reviews WHERE SessionID = '%SESSIONID%';"
  },
  {
    "name":"createTLS",
    "params":["SESSIONID","MINUTE","OPINION"],
    "SQL":"INSERT INTO MP_TLS (`SessionID`,`Minute`,`no%OPINION%`) VALUES ('%SESSIONID%','%MINUTE%','1');"
  },
  {
    "name":"submitTLS",
    "params":["SESSIONID","MINUTE","OPINION"],
    "SQL":"UPDATE MP_TLS SET no%OPINION%=no%OPINION%+1 WHERE SessionID = '%SESSIONID%' AND Minute='%MINUTE%';"
  },
  {
    "name":"getTLS",
    "params":["SESSIONID"],
    "SQL":"SELECT * FROM MP_TLS WHERE SessionID = '%SESSIONID%' ORDER BY Minute;"
  },
  {
    "name":"getPreciseTLS",
    "params":["SESSIONID","MINUTE"],
    "SQL":"SELECT * FROM MP_TLS WHERE SessionID = '%SESSIONID%' AND Minute = '%MINUTE%' LIMIT 1;"
  },
  {
    "name":"getSession",
    "params":["SESSIONID"],
    "SQL":"SELECT * FROM MP_Sessions WHERE ID = '%SESSIONID%' LIMIT 1;"
  },
  {
    "name":"incrParticipants",
    "params":["SESSIONID"],
    "SQL":"UPDATE MP_Sessions SET ParticipantCount = ParticipantCount + 1 WHERE ID = '%SESSIONID%';"
  },
  {
    "name":"getUserName",
    "params":["TOKEN"],
    "SQL":"SELECT MP_Lecturers.ID, MP_Lecturers.Name FROM MP_Tokens JOIN MP_Lecturers ON MP_Tokens.LecturerID = MP_Lecturers.ID WHERE token = '%TOKEN%';"
  },
  {
    "name":"getSessionByLecturerID",
    "params":["LECTURERID"],
    "SQL":"SELECT * FROM MP_Sessions WHERE LecturerID='%LECTURERID%' ORDER BY StartTime DESC;"
  },
  {
    "name":"endSession",
    "params":["SESSIONID","LENGTH"],
    "SQL":"UPDATE MP_Sessions SET Length='%LENGTH%' WHERE ID='%SESSIONID%';"
  }
]
